Year,Station Code,Region,Garda Station,Value
2019,63101,Balbriggan, D.M.R. Northern Division,198
2019,63101,Balbriggan, D.M.R. Northern Division,38
2019,63101,Balbriggan, D.M.R. Northern Division,3
2019,63101,Balbriggan, D.M.R. Northern Division,12
2019,63101,Balbriggan, D.M.R. Northern Division,84
2019,63101,Balbriggan, D.M.R. Northern Division,410
2019,63101,Balbriggan, D.M.R. Northern Division,101
2019,63101,Balbriggan, D.M.R. Northern Division,135
2019,63101,Balbriggan, D.M.R. Northern Division,25
2019,63101,Balbriggan, D.M.R. Northern Division,205
2019,63101,Balbriggan, D.M.R. Northern Division,152
2019,63101,Balbriggan, D.M.R. Northern Division,117
2019,66201,Ballyfermot, D.M.R. Western Division,156
2019,66201,Ballyfermot, D.M.R. Western Division,45
2019,66201,Ballyfermot, D.M.R. Western Division,2
2019,66201,Ballyfermot, D.M.R. Western Division,28
2019,66201,Ballyfermot, D.M.R. Western Division,122
2019,66201,Ballyfermot, D.M.R. Western Division,489
2019,66201,Ballyfermot, D.M.R. Western Division,50
2019,66201,Ballyfermot, D.M.R. Western Division,371
2019,66201,Ballyfermot, D.M.R. Western Division,33
2019,66201,Ballyfermot, D.M.R. Western Division,250
2019,66201,Ballyfermot, D.M.R. Western Division,130
2019,66201,Ballyfermot, D.M.R. Western Division,31
2019,63201,Ballymun, D.M.R. Northern Division,202
2019,63201,Ballymun, D.M.R. Northern Division,38
2019,63201,Ballymun, D.M.R. Northern Division,1
2019,63201,Ballymun, D.M.R. Northern Division,34
2019,63201,Ballymun, D.M.R. Northern Division,96
2019,63201,Ballymun, D.M.R. Northern Division,679
2019,63201,Ballymun, D.M.R. Northern Division,37
2019,63201,Ballymun, D.M.R. Northern Division,417
2019,63201,Ballymun, D.M.R. Northern Division,66
2019,63201,Ballymun, D.M.R. Northern Division,267
2019,63201,Ballymun, D.M.R. Northern Division,184
2019,63201,Ballymun, D.M.R. Northern Division,68
2019,65101,Blackrock," Co Dublin,  D.M.R. Eastern Division",89
2019,65101,Blackrock," Co Dublin,  D.M.R. Eastern Division",39
2019,65101,Blackrock," Co Dublin,  D.M.R. Eastern Division",1
2019,65101,Blackrock," Co Dublin,  D.M.R. Eastern Division",14
2019,65101,Blackrock," Co Dublin,  D.M.R. Eastern Division",209
2019,65101,Blackrock," Co Dublin,  D.M.R. Eastern Division",548
2019,65101,Blackrock," Co Dublin,  D.M.R. Eastern Division",73
2019,65101,Blackrock," Co Dublin,  D.M.R. Eastern Division",96
2019,65101,Blackrock," Co Dublin,  D.M.R. Eastern Division",18
2019,65101,Blackrock," Co Dublin,  D.M.R. Eastern Division",91
2019,65101,Blackrock," Co Dublin,  D.M.R. Eastern Division",133
2019,65101,Blackrock," Co Dublin,  D.M.R. Eastern Division",9
2019,66101,Blanchardstown, D.M.R. Western Division,478
2019,66101,Blanchardstown, D.M.R. Western Division,205
2019,66101,Blanchardstown, D.M.R. Western Division,2
2019,66101,Blanchardstown, D.M.R. Western Division,81
2019,66101,Blanchardstown, D.M.R. Western Division,512
2019,66101,Blanchardstown, D.M.R. Western Division,2004
2019,66101,Blanchardstown, D.M.R. Western Division,281
2019,66101,Blanchardstown, D.M.R. Western Division,366
2019,66101,Blanchardstown, D.M.R. Western Division,84
2019,66101,Blanchardstown, D.M.R. Western Division,530
2019,66101,Blanchardstown, D.M.R. Western Division,400
2019,66101,Blanchardstown, D.M.R. Western Division,1465
2019,62101,BridewellDublin, D.M.R. North Central Division,212
2019,62101,BridewellDublin, D.M.R. North Central Division,63
2019,62101,BridewellDublin, D.M.R. North Central Division,0
2019,62101,BridewellDublin, D.M.R. North Central Division,51
2019,62101,BridewellDublin, D.M.R. North Central Division,110
2019,62101,BridewellDublin, D.M.R. North Central Division,835
2019,62101,BridewellDublin, D.M.R. North Central Division,98
2019,62101,BridewellDublin, D.M.R. North Central Division,195
2019,62101,BridewellDublin, D.M.R. North Central Division,41
2019,62101,BridewellDublin, D.M.R. North Central Division,226
2019,62101,BridewellDublin, D.M.R. North Central Division,392
2019,62101,BridewellDublin, D.M.R. North Central Division,6307
2019,65201,Cabinteely, D.M.R. Eastern Division,58
2019,65201,Cabinteely, D.M.R. Eastern Division,33
2019,65201,Cabinteely, D.M.R. Eastern Division,0
2019,65201,Cabinteely, D.M.R. Eastern Division,23
2019,65201,Cabinteely, D.M.R. Eastern Division,177
2019,65201,Cabinteely, D.M.R. Eastern Division,361
2019,65201,Cabinteely, D.M.R. Eastern Division,41
2019,65201,Cabinteely, D.M.R. Eastern Division,39
2019,65201,Cabinteely, D.M.R. Eastern Division,6
2019,65201,Cabinteely, D.M.R. Eastern Division,93
2019,65201,Cabinteely, D.M.R. Eastern Division,82
2019,65201,Cabinteely, D.M.R. Eastern Division,14
2019,66102,Cabra, D.M.R. Western Division,66
2019,66102,Cabra, D.M.R. Western Division,25
2019,66102,Cabra, D.M.R. Western Division,0
2019,66102,Cabra, D.M.R. Western Division,18
2019,66102,Cabra, D.M.R. Western Division,75
2019,66102,Cabra, D.M.R. Western Division,309
2019,66102,Cabra, D.M.R. Western Division,22
2019,66102,Cabra, D.M.R. Western Division,74
2019,66102,Cabra, D.M.R. Western Division,13
2019,66102,Cabra, D.M.R. Western Division,83
2019,66102,Cabra, D.M.R. Western Division,72
2019,66102,Cabra, D.M.R. Western Division,19
2019,66202,Clondalkin, D.M.R. Western Division,207
2019,66202,Clondalkin, D.M.R. Western Division,109
2019,66202,Clondalkin, D.M.R. Western Division,3
2019,66202,Clondalkin, D.M.R. Western Division,45
2019,66202,Clondalkin, D.M.R. Western Division,310
2019,66202,Clondalkin, D.M.R. Western Division,748
2019,66202,Clondalkin, D.M.R. Western Division,81
2019,66202,Clondalkin, D.M.R. Western Division,325
2019,66202,Clondalkin, D.M.R. Western Division,34
2019,66202,Clondalkin, D.M.R. Western Division,257
2019,66202,Clondalkin, D.M.R. Western Division,204
2019,66202,Clondalkin, D.M.R. Western Division,56
2019,63401,Clontarf, D.M.R. Northern Division,110
2019,63401,Clontarf, D.M.R. Northern Division,35
2019,63401,Clontarf, D.M.R. Northern Division,2
2019,63401,Clontarf, D.M.R. Northern Division,27
2019,63401,Clontarf, D.M.R. Northern Division,194
2019,63401,Clontarf, D.M.R. Northern Division,540
2019,63401,Clontarf, D.M.R. Northern Division,46
2019,63401,Clontarf, D.M.R. Northern Division,86
2019,63401,Clontarf, D.M.R. Northern Division,15
2019,63401,Clontarf, D.M.R. Northern Division,168
2019,63401,Clontarf, D.M.R. Northern Division,109
2019,63401,Clontarf, D.M.R. Northern Division,20
2019,63301,Coolock, D.M.R. Northern Division,276
2019,63301,Coolock, D.M.R. Northern Division,76
2019,63301,Coolock, D.M.R. Northern Division,1
2019,63301,Coolock, D.M.R. Northern Division,63
2019,63301,Coolock, D.M.R. Northern Division,260
2019,63301,Coolock, D.M.R. Northern Division,971
2019,63301,Coolock, D.M.R. Northern Division,86
2019,63301,Coolock, D.M.R. Northern Division,314
2019,63301,Coolock, D.M.R. Northern Division,47
2019,63301,Coolock, D.M.R. Northern Division,406
2019,63301,Coolock, D.M.R. Northern Division,172
2019,63301,Coolock, D.M.R. Northern Division,76
2019,64101,Crumlin, D.M.R. Southern Division,106
2019,64101,Crumlin, D.M.R. Southern Division,39
2019,64101,Crumlin, D.M.R. Southern Division,0
2019,64101,Crumlin, D.M.R. Southern Division,28
2019,64101,Crumlin, D.M.R. Southern Division,219
2019,64101,Crumlin, D.M.R. Southern Division,459
2019,64101,Crumlin, D.M.R. Southern Division,45
2019,64101,Crumlin, D.M.R. Southern Division,154
2019,64101,Crumlin, D.M.R. Southern Division,20
2019,64101,Crumlin, D.M.R. Southern Division,157
2019,64101,Crumlin, D.M.R. Southern Division,112
2019,64101,Crumlin, D.M.R. Southern Division,24
2019,61101,Donnybrook, D.M.R. South Central Division,106
2019,61101,Donnybrook, D.M.R. South Central Division,17
2019,61101,Donnybrook, D.M.R. South Central Division,0
2019,61101,Donnybrook, D.M.R. South Central Division,11
2019,61101,Donnybrook, D.M.R. South Central Division,214
2019,61101,Donnybrook, D.M.R. South Central Division,713
2019,61101,Donnybrook, D.M.R. South Central Division,93
2019,61101,Donnybrook, D.M.R. South Central Division,41
2019,61101,Donnybrook, D.M.R. South Central Division,7
2019,61101,Donnybrook, D.M.R. South Central Division,106
2019,61101,Donnybrook, D.M.R. South Central Division,239
2019,61101,Donnybrook, D.M.R. South Central Division,5
2019,63202,DublinAirport, D.M.R. Northern Division,19
2019,63202,DublinAirport, D.M.R. Northern Division,9
2019,63202,DublinAirport, D.M.R. Northern Division,1
2019,63202,DublinAirport, D.M.R. Northern Division,0
2019,63202,DublinAirport, D.M.R. Northern Division,4
2019,63202,DublinAirport, D.M.R. Northern Division,226
2019,63202,DublinAirport, D.M.R. Northern Division,41
2019,63202,DublinAirport, D.M.R. Northern Division,20
2019,63202,DublinAirport, D.M.R. Northern Division,8
2019,63202,DublinAirport, D.M.R. Northern Division,33
2019,63202,DublinAirport, D.M.R. Northern Division,98
2019,63202,DublinAirport, D.M.R. Northern Division,5
2019,65203,DunLaoghaire, D.M.R. Eastern Division,148
2019,65203,DunLaoghaire, D.M.R. Eastern Division,36
2019,65203,DunLaoghaire, D.M.R. Eastern Division,1
2019,65203,DunLaoghaire, D.M.R. Eastern Division,12
2019,65203,DunLaoghaire, D.M.R. Eastern Division,216
2019,65203,DunLaoghaire, D.M.R. Eastern Division,696
2019,65203,DunLaoghaire, D.M.R. Eastern Division,77
2019,65203,DunLaoghaire, D.M.R. Eastern Division,162
2019,65203,DunLaoghaire, D.M.R. Eastern Division,23
2019,65203,DunLaoghaire, D.M.R. Eastern Division,196
2019,65203,DunLaoghaire, D.M.R. Eastern Division,217
2019,65203,DunLaoghaire, D.M.R. Eastern Division,301
2019,65102,Dundrum, D.M.R. Eastern Division,176
2019,65102,Dundrum, D.M.R. Eastern Division,36
2019,65102,Dundrum, D.M.R. Eastern Division,0
2019,65102,Dundrum, D.M.R. Eastern Division,34
2019,65102,Dundrum, D.M.R. Eastern Division,314
2019,65102,Dundrum, D.M.R. Eastern Division,1483
2019,65102,Dundrum, D.M.R. Eastern Division,183
2019,65102,Dundrum, D.M.R. Eastern Division,211
2019,65102,Dundrum, D.M.R. Eastern Division,32
2019,65102,Dundrum, D.M.R. Eastern Division,269
2019,65102,Dundrum, D.M.R. Eastern Division,231
2019,65102,Dundrum, D.M.R. Eastern Division,20
2019,66103,Finglas, D.M.R. Western Division,247
2019,66103,Finglas, D.M.R. Western Division,79
2019,66103,Finglas, D.M.R. Western Division,3
2019,66103,Finglas, D.M.R. Western Division,54
2019,66103,Finglas, D.M.R. Western Division,207
2019,66103,Finglas, D.M.R. Western Division,1156
2019,66103,Finglas, D.M.R. Western Division,115
2019,66103,Finglas, D.M.R. Western Division,396
2019,66103,Finglas, D.M.R. Western Division,61
2019,66103,Finglas, D.M.R. Western Division,392
2019,66103,Finglas, D.M.R. Western Division,309
2019,66103,Finglas, D.M.R. Western Division,79
2019,62202,FitzgibbonStreet, D.M.R. North Central Division,230
2019,62202,FitzgibbonStreet, D.M.R. North Central Division,47
2019,62202,FitzgibbonStreet, D.M.R. North Central Division,2
2019,62202,FitzgibbonStreet, D.M.R. North Central Division,36
2019,62202,FitzgibbonStreet, D.M.R. North Central Division,100
2019,62202,FitzgibbonStreet, D.M.R. North Central Division,548
2019,62202,FitzgibbonStreet, D.M.R. North Central Division,69
2019,62202,FitzgibbonStreet, D.M.R. North Central Division,259
2019,62202,FitzgibbonStreet, D.M.R. North Central Division,46
2019,62202,FitzgibbonStreet, D.M.R. North Central Division,226
2019,62202,FitzgibbonStreet, D.M.R. North Central Division,227
2019,62202,FitzgibbonStreet, D.M.R. North Central Division,37
2019,63102,Garristown, D.M.R. Northern Division,15
2019,63102,Garristown, D.M.R. Northern Division,1
2019,63102,Garristown, D.M.R. Northern Division,0
2019,63102,Garristown, D.M.R. Northern Division,0
2019,63102,Garristown, D.M.R. Northern Division,17
2019,63102,Garristown, D.M.R. Northern Division,12
2019,63102,Garristown, D.M.R. Northern Division,3
2019,63102,Garristown, D.M.R. Northern Division,0
2019,63102,Garristown, D.M.R. Northern Division,0
2019,63102,Garristown, D.M.R. Northern Division,4
2019,63102,Garristown, D.M.R. Northern Division,10
2019,63102,Garristown, D.M.R. Northern Division,2
2019,63402,Howth, D.M.R. Northern Division,75
2019,63402,Howth, D.M.R. Northern Division,19
2019,63402,Howth, D.M.R. Northern Division,0
2019,63402,Howth, D.M.R. Northern Division,19
2019,63402,Howth, D.M.R. Northern Division,124
2019,63402,Howth, D.M.R. Northern Division,354
2019,63402,Howth, D.M.R. Northern Division,20
2019,63402,Howth, D.M.R. Northern Division,63
2019,63402,Howth, D.M.R. Northern Division,5
2019,63402,Howth, D.M.R. Northern Division,117
2019,63402,Howth, D.M.R. Northern Division,62
2019,63402,Howth, D.M.R. Northern Division,10
2019,61102,Irishtown, D.M.R. South Central Division,104
2019,61102,Irishtown, D.M.R. South Central Division,8
2019,61102,Irishtown, D.M.R. South Central Division,0
2019,61102,Irishtown, D.M.R. South Central Division,9
2019,61102,Irishtown, D.M.R. South Central Division,138
2019,61102,Irishtown, D.M.R. South Central Division,564
2019,61102,Irishtown, D.M.R. South Central Division,63
2019,61102,Irishtown, D.M.R. South Central Division,41
2019,61102,Irishtown, D.M.R. South Central Division,6
2019,61102,Irishtown, D.M.R. South Central Division,101
2019,61102,Irishtown, D.M.R. South Central Division,161
2019,61102,Irishtown, D.M.R. South Central Division,16
2019,61301,KevinStreet, D.M.R. South Central Division,309
2019,61301,KevinStreet, D.M.R. South Central Division,60
2019,61301,KevinStreet, D.M.R. South Central Division,1
2019,61301,KevinStreet, D.M.R. South Central Division,91
2019,61301,KevinStreet, D.M.R. South Central Division,212
2019,61301,KevinStreet, D.M.R. South Central Division,1401
2019,61301,KevinStreet, D.M.R. South Central Division,102
2019,61301,KevinStreet, D.M.R. South Central Division,433
2019,61301,KevinStreet, D.M.R. South Central Division,38
2019,61301,KevinStreet, D.M.R. South Central Division,409
2019,61301,KevinStreet, D.M.R. South Central Division,431
2019,61301,KevinStreet, D.M.R. South Central Division,49
2019,61302,Kilmainham, D.M.R. South Central Division,230
2019,61302,Kilmainham, D.M.R. South Central Division,49
2019,61302,Kilmainham, D.M.R. South Central Division,1
2019,61302,Kilmainham, D.M.R. South Central Division,86
2019,61302,Kilmainham, D.M.R. South Central Division,197
2019,61302,Kilmainham, D.M.R. South Central Division,842
2019,61302,Kilmainham, D.M.R. South Central Division,57
2019,61302,Kilmainham, D.M.R. South Central Division,144
2019,61302,Kilmainham, D.M.R. South Central Division,31
2019,61302,Kilmainham, D.M.R. South Central Division,387
2019,61302,Kilmainham, D.M.R. South Central Division,264
2019,61302,Kilmainham, D.M.R. South Central Division,56
2019,66301,Lucan, D.M.R. Western Division,127
2019,66301,Lucan, D.M.R. Western Division,61
2019,66301,Lucan, D.M.R. Western Division,0
2019,66301,Lucan, D.M.R. Western Division,28
2019,66301,Lucan, D.M.R. Western Division,238
2019,66301,Lucan, D.M.R. Western Division,516
2019,66301,Lucan, D.M.R. Western Division,75
2019,66301,Lucan, D.M.R. Western Division,158
2019,66301,Lucan, D.M.R. Western Division,11
2019,66301,Lucan, D.M.R. Western Division,129
2019,66301,Lucan, D.M.R. Western Division,142
2019,66301,Lucan, D.M.R. Western Division,14
2019,63103,Lusk, D.M.R. Northern Division,83
2019,63103,Lusk, D.M.R. Northern Division,14
2019,63103,Lusk, D.M.R. Northern Division,0
2019,63103,Lusk, D.M.R. Northern Division,9
2019,63103,Lusk, D.M.R. Northern Division,57
2019,63103,Lusk, D.M.R. Northern Division,445
2019,63103,Lusk, D.M.R. Northern Division,23
2019,63103,Lusk, D.M.R. Northern Division,52
2019,63103,Lusk, D.M.R. Northern Division,8
2019,63103,Lusk, D.M.R. Northern Division,70
2019,63103,Lusk, D.M.R. Northern Division,45
2019,63103,Lusk, D.M.R. Northern Division,13
2019,63302,Malahide, D.M.R. Northern Division,66
2019,63302,Malahide, D.M.R. Northern Division,15
2019,63302,Malahide, D.M.R. Northern Division,1
2019,63302,Malahide, D.M.R. Northern Division,24
2019,63302,Malahide, D.M.R. Northern Division,171
2019,63302,Malahide, D.M.R. Northern Division,355
2019,63302,Malahide, D.M.R. Northern Division,27
2019,63302,Malahide, D.M.R. Northern Division,49
2019,63302,Malahide, D.M.R. Northern Division,4
2019,63302,Malahide, D.M.R. Northern Division,100
2019,63302,Malahide, D.M.R. Northern Division,70
2019,63302,Malahide, D.M.R. Northern Division,21
2019,62203,Mountjoy, D.M.R. North Central Division,319
2019,62203,Mountjoy, D.M.R. North Central Division,60
2019,62203,Mountjoy, D.M.R. North Central Division,0
2019,62203,Mountjoy, D.M.R. North Central Division,54
2019,62203,Mountjoy, D.M.R. North Central Division,185
2019,62203,Mountjoy, D.M.R. North Central Division,857
2019,62203,Mountjoy, D.M.R. North Central Division,103
2019,62203,Mountjoy, D.M.R. North Central Division,213
2019,62203,Mountjoy, D.M.R. North Central Division,37
2019,62203,Mountjoy, D.M.R. North Central Division,226
2019,62203,Mountjoy, D.M.R. North Central Division,266
2019,62203,Mountjoy, D.M.R. North Central Division,117
2019,61202,PearseStreet, D.M.R. South Central Division,680
2019,61202,PearseStreet, D.M.R. South Central Division,54
2019,61202,PearseStreet, D.M.R. South Central Division,2
2019,61202,PearseStreet, D.M.R. South Central Division,164
2019,61202,PearseStreet, D.M.R. South Central Division,432
2019,61202,PearseStreet, D.M.R. South Central Division,4872
2019,61202,PearseStreet, D.M.R. South Central Division,389
2019,61202,PearseStreet, D.M.R. South Central Division,683
2019,61202,PearseStreet, D.M.R. South Central Division,161
2019,61202,PearseStreet, D.M.R. South Central Division,345
2019,61202,PearseStreet, D.M.R. South Central Division,2337
2019,61202,PearseStreet, D.M.R. South Central Division,102
2019,63403,Raheny, D.M.R. Northern Division,103
2019,63403,Raheny, D.M.R. Northern Division,18
2019,63403,Raheny, D.M.R. Northern Division,0
2019,63403,Raheny, D.M.R. Northern Division,18
2019,63403,Raheny, D.M.R. Northern Division,104
2019,63403,Raheny, D.M.R. Northern Division,265
2019,63403,Raheny, D.M.R. Northern Division,19
2019,63403,Raheny, D.M.R. Northern Division,182
2019,63403,Raheny, D.M.R. Northern Division,13
2019,63403,Raheny, D.M.R. Northern Division,100
2019,63403,Raheny, D.M.R. Northern Division,103
2019,63403,Raheny, D.M.R. Northern Division,22
2019,66203,Rathcoole, D.M.R. Western Division,46
2019,66203,Rathcoole, D.M.R. Western Division,23
2019,66203,Rathcoole, D.M.R. Western Division,0
2019,66203,Rathcoole, D.M.R. Western Division,7
2019,66203,Rathcoole, D.M.R. Western Division,172
2019,66203,Rathcoole, D.M.R. Western Division,416
2019,66203,Rathcoole, D.M.R. Western Division,25
2019,66203,Rathcoole, D.M.R. Western Division,22
2019,66203,Rathcoole, D.M.R. Western Division,1
2019,66203,Rathcoole, D.M.R. Western Division,84
2019,66203,Rathcoole, D.M.R. Western Division,55
2019,66203,Rathcoole, D.M.R. Western Division,7
2019,64201,Rathfarnham, D.M.R. Southern Division,149
2019,64201,Rathfarnham, D.M.R. Southern Division,43
2019,64201,Rathfarnham, D.M.R. Southern Division,0
2019,64201,Rathfarnham, D.M.R. Southern Division,28
2019,64201,Rathfarnham, D.M.R. Southern Division,265
2019,64201,Rathfarnham, D.M.R. Southern Division,872
2019,64201,Rathfarnham, D.M.R. Southern Division,97
2019,64201,Rathfarnham, D.M.R. Southern Division,254
2019,64201,Rathfarnham, D.M.R. Southern Division,20
2019,64201,Rathfarnham, D.M.R. Southern Division,238
2019,64201,Rathfarnham, D.M.R. Southern Division,187
2019,64201,Rathfarnham, D.M.R. Southern Division,48
2019,64301,Rathmines, D.M.R. Southern Division,87
2019,64301,Rathmines, D.M.R. Southern Division,18
2019,64301,Rathmines, D.M.R. Southern Division,0
2019,64301,Rathmines, D.M.R. Southern Division,20
2019,64301,Rathmines, D.M.R. Southern Division,146
2019,64301,Rathmines, D.M.R. Southern Division,692
2019,64301,Rathmines, D.M.R. Southern Division,46
2019,64301,Rathmines, D.M.R. Southern Division,162
2019,64301,Rathmines, D.M.R. Southern Division,10
2019,64301,Rathmines, D.M.R. Southern Division,112
2019,64301,Rathmines, D.M.R. Southern Division,194
2019,64301,Rathmines, D.M.R. Southern Division,11
2019,66302,Ronanstown, D.M.R. Western Division,281
2019,66302,Ronanstown, D.M.R. Western Division,76
2019,66302,Ronanstown, D.M.R. Western Division,2
2019,66302,Ronanstown, D.M.R. Western Division,36
2019,66302,Ronanstown, D.M.R. Western Division,178
2019,66302,Ronanstown, D.M.R. Western Division,1059
2019,66302,Ronanstown, D.M.R. Western Division,63
2019,66302,Ronanstown, D.M.R. Western Division,455
2019,66302,Ronanstown, D.M.R. Western Division,24
2019,66302,Ronanstown, D.M.R. Western Division,257
2019,66302,Ronanstown, D.M.R. Western Division,181
2019,66302,Ronanstown, D.M.R. Western Division,192
2019,63203,Santry, D.M.R. Northern Division,161
2019,63203,Santry, D.M.R. Northern Division,59
2019,63203,Santry, D.M.R. Northern Division,1
2019,63203,Santry, D.M.R. Northern Division,53
2019,63203,Santry, D.M.R. Northern Division,259
2019,63203,Santry, D.M.R. Northern Division,1207
2019,63203,Santry, D.M.R. Northern Division,65
2019,63203,Santry, D.M.R. Northern Division,92
2019,63203,Santry, D.M.R. Northern Division,26
2019,63203,Santry, D.M.R. Northern Division,236
2019,63203,Santry, D.M.R. Northern Division,126
2019,63203,Santry, D.M.R. Northern Division,26
2019,65205,Shankill, D.M.R. Eastern Division,65
2019,65205,Shankill, D.M.R. Eastern Division,36
2019,65205,Shankill, D.M.R. Eastern Division,0
2019,65205,Shankill, D.M.R. Eastern Division,10
2019,65205,Shankill, D.M.R. Eastern Division,127
2019,65205,Shankill, D.M.R. Eastern Division,238
2019,65205,Shankill, D.M.R. Eastern Division,25
2019,65205,Shankill, D.M.R. Eastern Division,82
2019,65205,Shankill, D.M.R. Eastern Division,16
2019,65205,Shankill, D.M.R. Eastern Division,113
2019,65205,Shankill, D.M.R. Eastern Division,75
2019,65205,Shankill, D.M.R. Eastern Division,23
2019,63105,Skerries, D.M.R. Northern Division,49
2019,63105,Skerries, D.M.R. Northern Division,6
2019,63105,Skerries, D.M.R. Northern Division,0
2019,63105,Skerries, D.M.R. Northern Division,7
2019,63105,Skerries, D.M.R. Northern Division,55
2019,63105,Skerries, D.M.R. Northern Division,71
2019,63105,Skerries, D.M.R. Northern Division,9
2019,63105,Skerries, D.M.R. Northern Division,13
2019,63105,Skerries, D.M.R. Northern Division,2
2019,63105,Skerries, D.M.R. Northern Division,32
2019,63105,Skerries, D.M.R. Northern Division,24
2019,63105,Skerries, D.M.R. Northern Division,5
2019,62301,StoreStreet, D.M.R. North Central Division,554
2019,62301,StoreStreet, D.M.R. North Central Division,78
2019,62301,StoreStreet, D.M.R. North Central Division,3
2019,62301,StoreStreet, D.M.R. North Central Division,128
2019,62301,StoreStreet, D.M.R. North Central Division,202
2019,62301,StoreStreet, D.M.R. North Central Division,5065
2019,62301,StoreStreet, D.M.R. North Central Division,381
2019,62301,StoreStreet, D.M.R. North Central Division,677
2019,62301,StoreStreet, D.M.R. North Central Division,124
2019,62301,StoreStreet, D.M.R. North Central Division,401
2019,62301,StoreStreet, D.M.R. North Central Division,1764
2019,62301,StoreStreet, D.M.R. North Central Division,52
2019,64102,SundriveRoad, D.M.R. Southern Division,140
2019,64102,SundriveRoad, D.M.R. Southern Division,32
2019,64102,SundriveRoad, D.M.R. Southern Division,1
2019,64102,SundriveRoad, D.M.R. Southern Division,34
2019,64102,SundriveRoad, D.M.R. Southern Division,166
2019,64102,SundriveRoad, D.M.R. Southern Division,321
2019,64102,SundriveRoad, D.M.R. Southern Division,40
2019,64102,SundriveRoad, D.M.R. Southern Division,172
2019,64102,SundriveRoad, D.M.R. Southern Division,21
2019,64102,SundriveRoad, D.M.R. Southern Division,215
2019,64102,SundriveRoad, D.M.R. Southern Division,158
2019,64102,SundriveRoad, D.M.R. Southern Division,38
2019,63303,Swords, D.M.R. Northern Division,233
2019,63303,Swords, D.M.R. Northern Division,75
2019,63303,Swords, D.M.R. Northern Division,2
2019,63303,Swords, D.M.R. Northern Division,58
2019,63303,Swords, D.M.R. Northern Division,249
2019,63303,Swords, D.M.R. Northern Division,1068
2019,63303,Swords, D.M.R. Northern Division,99
2019,63303,Swords, D.M.R. Northern Division,136
2019,63303,Swords, D.M.R. Northern Division,25
2019,63303,Swords, D.M.R. Northern Division,334
2019,63303,Swords, D.M.R. Northern Division,239
2019,63303,Swords, D.M.R. Northern Division,221
2019,64202,Tallaght, D.M.R. Southern Division,434
2019,64202,Tallaght, D.M.R. Southern Division,160
2019,64202,Tallaght, D.M.R. Southern Division,3
2019,64202,Tallaght, D.M.R. Southern Division,119
2019,64202,Tallaght, D.M.R. Southern Division,457
2019,64202,Tallaght, D.M.R. Southern Division,1994
2019,64202,Tallaght, D.M.R. Southern Division,200
2019,64202,Tallaght, D.M.R. Southern Division,511
2019,64202,Tallaght, D.M.R. Southern Division,87
2019,64202,Tallaght, D.M.R. Southern Division,803
2019,64202,Tallaght, D.M.R. Southern Division,501
2019,64202,Tallaght, D.M.R. Southern Division,470
2019,64302,Terenure, D.M.R. Southern Division,70
2019,64302,Terenure, D.M.R. Southern Division,42
2019,64302,Terenure, D.M.R. Southern Division,0
2019,64302,Terenure, D.M.R. Southern Division,18
2019,64302,Terenure, D.M.R. Southern Division,146
2019,64302,Terenure, D.M.R. Southern Division,325
2019,64302,Terenure, D.M.R. Southern Division,49
2019,64302,Terenure, D.M.R. Southern Division,103
2019,64302,Terenure, D.M.R. Southern Division,6
2019,64302,Terenure, D.M.R. Southern Division,95
2019,64302,Terenure, D.M.R. Southern Division,77
2019,64302,Terenure, D.M.R. Southern Division,11
2020,63101,Balbriggan, D.M.R. Northern Division,182
2020,63101,Balbriggan, D.M.R. Northern Division,44
2020,63101,Balbriggan, D.M.R. Northern Division,0
2020,63101,Balbriggan, D.M.R. Northern Division,11
2020,63101,Balbriggan, D.M.R. Northern Division,73
2020,63101,Balbriggan, D.M.R. Northern Division,257
2020,63101,Balbriggan, D.M.R. Northern Division,43
2020,63101,Balbriggan, D.M.R. Northern Division,181
2020,63101,Balbriggan, D.M.R. Northern Division,31
2020,63101,Balbriggan, D.M.R. Northern Division,183
2020,63101,Balbriggan, D.M.R. Northern Division,155
2020,63101,Balbriggan, D.M.R. Northern Division,77
2020,66201,Ballyfermot, D.M.R. Western Division,144
2020,66201,Ballyfermot, D.M.R. Western Division,63
2020,66201,Ballyfermot, D.M.R. Western Division,0
2020,66201,Ballyfermot, D.M.R. Western Division,35
2020,66201,Ballyfermot, D.M.R. Western Division,100
2020,66201,Ballyfermot, D.M.R. Western Division,366
2020,66201,Ballyfermot, D.M.R. Western Division,53
2020,66201,Ballyfermot, D.M.R. Western Division,351
2020,66201,Ballyfermot, D.M.R. Western Division,35
2020,66201,Ballyfermot, D.M.R. Western Division,179
2020,66201,Ballyfermot, D.M.R. Western Division,146
2020,66201,Ballyfermot, D.M.R. Western Division,51
2020,63201,Ballymun, D.M.R. Northern Division,194
2020,63201,Ballymun, D.M.R. Northern Division,70
2020,63201,Ballymun, D.M.R. Northern Division,3
2020,63201,Ballymun, D.M.R. Northern Division,28
2020,63201,Ballymun, D.M.R. Northern Division,66
2020,63201,Ballymun, D.M.R. Northern Division,527
2020,63201,Ballymun, D.M.R. Northern Division,60
2020,63201,Ballymun, D.M.R. Northern Division,449
2020,63201,Ballymun, D.M.R. Northern Division,43
2020,63201,Ballymun, D.M.R. Northern Division,239
2020,63201,Ballymun, D.M.R. Northern Division,242
2020,63201,Ballymun, D.M.R. Northern Division,54
2020,65101,Blackrock," Co Dublin, D.M.R. Eastern Division",80
2020,65101,Blackrock," Co Dublin, D.M.R. Eastern Division",33
2020,65101,Blackrock," Co Dublin, D.M.R. Eastern Division",0
2020,65101,Blackrock," Co Dublin, D.M.R. Eastern Division",14
2020,65101,Blackrock," Co Dublin, D.M.R. Eastern Division",155
2020,65101,Blackrock," Co Dublin, D.M.R. Eastern Division",498
2020,65101,Blackrock," Co Dublin, D.M.R. Eastern Division",65
2020,65101,Blackrock," Co Dublin, D.M.R. Eastern Division",95
2020,65101,Blackrock," Co Dublin, D.M.R. Eastern Division",13
2020,65101,Blackrock," Co Dublin, D.M.R. Eastern Division",51
2020,65101,Blackrock," Co Dublin, D.M.R. Eastern Division",132
2020,65101,Blackrock," Co Dublin, D.M.R. Eastern Division",13
2020,66101,Blanchardstown, D.M.R. Western Division,467
2020,66101,Blanchardstown, D.M.R. Western Division,252
2020,66101,Blanchardstown, D.M.R. Western Division,4
2020,66101,Blanchardstown, D.M.R. Western Division,71
2020,66101,Blanchardstown, D.M.R. Western Division,318
2020,66101,Blanchardstown, D.M.R. Western Division,1546
2020,66101,Blanchardstown, D.M.R. Western Division,325
2020,66101,Blanchardstown, D.M.R. Western Division,397
2020,66101,Blanchardstown, D.M.R. Western Division,70
2020,66101,Blanchardstown, D.M.R. Western Division,387
2020,66101,Blanchardstown, D.M.R. Western Division,447
2020,66101,Blanchardstown, D.M.R. Western Division,649
2020,62101,BridewellDublin, D.M.R. North Central Division,217
2020,62101,BridewellDublin, D.M.R. North Central Division,54
2020,62101,BridewellDublin, D.M.R. North Central Division,2
2020,62101,BridewellDublin, D.M.R. North Central Division,34
2020,62101,BridewellDublin, D.M.R. North Central Division,99
2020,62101,BridewellDublin, D.M.R. North Central Division,539
2020,62101,BridewellDublin, D.M.R. North Central Division,76
2020,62101,BridewellDublin, D.M.R. North Central Division,210
2020,62101,BridewellDublin, D.M.R. North Central Division,50
2020,62101,BridewellDublin, D.M.R. North Central Division,276
2020,62101,BridewellDublin, D.M.R. North Central Division,344
2020,62101,BridewellDublin, D.M.R. North Central Division,1971
2020,65201,Cabinteely, D.M.R. Eastern Division,78
2020,65201,Cabinteely, D.M.R. Eastern Division,18
2020,65201,Cabinteely, D.M.R. Eastern Division,0
2020,65201,Cabinteely, D.M.R. Eastern Division,16
2020,65201,Cabinteely, D.M.R. Eastern Division,161
2020,65201,Cabinteely, D.M.R. Eastern Division,391
2020,65201,Cabinteely, D.M.R. Eastern Division,30
2020,65201,Cabinteely, D.M.R. Eastern Division,45
2020,65201,Cabinteely, D.M.R. Eastern Division,7
2020,65201,Cabinteely, D.M.R. Eastern Division,134
2020,65201,Cabinteely, D.M.R. Eastern Division,100
2020,65201,Cabinteely, D.M.R. Eastern Division,16
2020,66102,Cabra, D.M.R. Western Division,72
2020,66102,Cabra, D.M.R. Western Division,41
2020,66102,Cabra, D.M.R. Western Division,1
2020,66102,Cabra, D.M.R. Western Division,18
2020,66102,Cabra, D.M.R. Western Division,64
2020,66102,Cabra, D.M.R. Western Division,382
2020,66102,Cabra, D.M.R. Western Division,27
2020,66102,Cabra, D.M.R. Western Division,166
2020,66102,Cabra, D.M.R. Western Division,10
2020,66102,Cabra, D.M.R. Western Division,88
2020,66102,Cabra, D.M.R. Western Division,109
2020,66102,Cabra, D.M.R. Western Division,28
2020,66202,Clondalkin, D.M.R. Western Division,159
2020,66202,Clondalkin, D.M.R. Western Division,128
2020,66202,Clondalkin, D.M.R. Western Division,0
2020,66202,Clondalkin, D.M.R. Western Division,41
2020,66202,Clondalkin, D.M.R. Western Division,181
2020,66202,Clondalkin, D.M.R. Western Division,641
2020,66202,Clondalkin, D.M.R. Western Division,89
2020,66202,Clondalkin, D.M.R. Western Division,434
2020,66202,Clondalkin, D.M.R. Western Division,24
2020,66202,Clondalkin, D.M.R. Western Division,259
2020,66202,Clondalkin, D.M.R. Western Division,265
2020,66202,Clondalkin, D.M.R. Western Division,82
2020,63401,Clontarf, D.M.R. Northern Division,121
2020,63401,Clontarf, D.M.R. Northern Division,44
2020,63401,Clontarf, D.M.R. Northern Division,1
2020,63401,Clontarf, D.M.R. Northern Division,33
2020,63401,Clontarf, D.M.R. Northern Division,125
2020,63401,Clontarf, D.M.R. Northern Division,656
2020,63401,Clontarf, D.M.R. Northern Division,75
2020,63401,Clontarf, D.M.R. Northern Division,122
2020,63401,Clontarf, D.M.R. Northern Division,14
2020,63401,Clontarf, D.M.R. Northern Division,167
2020,63401,Clontarf, D.M.R. Northern Division,128
2020,63401,Clontarf, D.M.R. Northern Division,27
2020,63301,Coolock, D.M.R. Northern Division,305
2020,63301,Coolock, D.M.R. Northern Division,100
2020,63301,Coolock, D.M.R. Northern Division,4
2020,63301,Coolock, D.M.R. Northern Division,69
2020,63301,Coolock, D.M.R. Northern Division,150
2020,63301,Coolock, D.M.R. Northern Division,1055
2020,63301,Coolock, D.M.R. Northern Division,84
2020,63301,Coolock, D.M.R. Northern Division,336
2020,63301,Coolock, D.M.R. Northern Division,33
2020,63301,Coolock, D.M.R. Northern Division,403
2020,63301,Coolock, D.M.R. Northern Division,270
2020,63301,Coolock, D.M.R. Northern Division,160
2020,64101,Crumlin, D.M.R. Southern Division,116
2020,64101,Crumlin, D.M.R. Southern Division,72
2020,64101,Crumlin, D.M.R. Southern Division,0
2020,64101,Crumlin, D.M.R. Southern Division,18
2020,64101,Crumlin, D.M.R. Southern Division,119
2020,64101,Crumlin, D.M.R. Southern Division,373
2020,64101,Crumlin, D.M.R. Southern Division,66
2020,64101,Crumlin, D.M.R. Southern Division,184
2020,64101,Crumlin, D.M.R. Southern Division,24
2020,64101,Crumlin, D.M.R. Southern Division,113
2020,64101,Crumlin, D.M.R. Southern Division,127
2020,64101,Crumlin, D.M.R. Southern Division,21
2020,61101,Donnybrook, D.M.R. South Central Division,70
2020,61101,Donnybrook, D.M.R. South Central Division,24
2020,61101,Donnybrook, D.M.R. South Central Division,1
2020,61101,Donnybrook, D.M.R. South Central Division,6
2020,61101,Donnybrook, D.M.R. South Central Division,118
2020,61101,Donnybrook, D.M.R. South Central Division,533
2020,61101,Donnybrook, D.M.R. South Central Division,78
2020,61101,Donnybrook, D.M.R. South Central Division,40
2020,61101,Donnybrook, D.M.R. South Central Division,18
2020,61101,Donnybrook, D.M.R. South Central Division,81
2020,61101,Donnybrook, D.M.R. South Central Division,215
2020,61101,Donnybrook, D.M.R. South Central Division,15
2020,63202,DublinAirport, D.M.R. Northern Division,8
2020,63202,DublinAirport, D.M.R. Northern Division,3
2020,63202,DublinAirport, D.M.R. Northern Division,6
2020,63202,DublinAirport, D.M.R. Northern Division,0
2020,63202,DublinAirport, D.M.R. Northern Division,2
2020,63202,DublinAirport, D.M.R. Northern Division,70
2020,63202,DublinAirport, D.M.R. Northern Division,9
2020,63202,DublinAirport, D.M.R. Northern Division,18
2020,63202,DublinAirport, D.M.R. Northern Division,6
2020,63202,DublinAirport, D.M.R. Northern Division,11
2020,63202,DublinAirport, D.M.R. Northern Division,43
2020,63202,DublinAirport, D.M.R. Northern Division,1
2020,65203,DunLaoghaire, D.M.R. Eastern Division,165
2020,65203,DunLaoghaire, D.M.R. Eastern Division,39
2020,65203,DunLaoghaire, D.M.R. Eastern Division,2
2020,65203,DunLaoghaire, D.M.R. Eastern Division,18
2020,65203,DunLaoghaire, D.M.R. Eastern Division,213
2020,65203,DunLaoghaire, D.M.R. Eastern Division,648
2020,65203,DunLaoghaire, D.M.R. Eastern Division,86
2020,65203,DunLaoghaire, D.M.R. Eastern Division,134
2020,65203,DunLaoghaire, D.M.R. Eastern Division,30
2020,65203,DunLaoghaire, D.M.R. Eastern Division,195
2020,65203,DunLaoghaire, D.M.R. Eastern Division,326
2020,65203,DunLaoghaire, D.M.R. Eastern Division,201
2020,65102,Dundrum, D.M.R. Eastern Division,180
2020,65102,Dundrum, D.M.R. Eastern Division,75
2020,65102,Dundrum, D.M.R. Eastern Division,2
2020,65102,Dundrum, D.M.R. Eastern Division,21
2020,65102,Dundrum, D.M.R. Eastern Division,241
2020,65102,Dundrum, D.M.R. Eastern Division,1171
2020,65102,Dundrum, D.M.R. Eastern Division,159
2020,65102,Dundrum, D.M.R. Eastern Division,143
2020,65102,Dundrum, D.M.R. Eastern Division,24
2020,65102,Dundrum, D.M.R. Eastern Division,232
2020,65102,Dundrum, D.M.R. Eastern Division,209
2020,65102,Dundrum, D.M.R. Eastern Division,43
2020,66103,Finglas, D.M.R. Western Division,274
2020,66103,Finglas, D.M.R. Western Division,129
2020,66103,Finglas, D.M.R. Western Division,3
2020,66103,Finglas, D.M.R. Western Division,37
2020,66103,Finglas, D.M.R. Western Division,130
2020,66103,Finglas, D.M.R. Western Division,1016
2020,66103,Finglas, D.M.R. Western Division,117
2020,66103,Finglas, D.M.R. Western Division,634
2020,66103,Finglas, D.M.R. Western Division,49
2020,66103,Finglas, D.M.R. Western Division,296
2020,66103,Finglas, D.M.R. Western Division,353
2020,66103,Finglas, D.M.R. Western Division,99
2020,62202,FitzgibbonStreet, D.M.R. North Central Division,191
2020,62202,FitzgibbonStreet, D.M.R. North Central Division,59
2020,62202,FitzgibbonStreet, D.M.R. North Central Division,2
2020,62202,FitzgibbonStreet, D.M.R. North Central Division,25
2020,62202,FitzgibbonStreet, D.M.R. North Central Division,122
2020,62202,FitzgibbonStreet, D.M.R. North Central Division,539
2020,62202,FitzgibbonStreet, D.M.R. North Central Division,45
2020,62202,FitzgibbonStreet, D.M.R. North Central Division,287
2020,62202,FitzgibbonStreet, D.M.R. North Central Division,42
2020,62202,FitzgibbonStreet, D.M.R. North Central Division,201
2020,62202,FitzgibbonStreet, D.M.R. North Central Division,301
2020,62202,FitzgibbonStreet, D.M.R. North Central Division,39
2020,63102,Garristown, D.M.R. Northern Division,5
2020,63102,Garristown, D.M.R. Northern Division,1
2020,63102,Garristown, D.M.R. Northern Division,0
2020,63102,Garristown, D.M.R. Northern Division,0
2020,63102,Garristown, D.M.R. Northern Division,10
2020,63102,Garristown, D.M.R. Northern Division,24
2020,63102,Garristown, D.M.R. Northern Division,2
2020,63102,Garristown, D.M.R. Northern Division,2
2020,63102,Garristown, D.M.R. Northern Division,1
2020,63102,Garristown, D.M.R. Northern Division,4
2020,63102,Garristown, D.M.R. Northern Division,5
2020,63102,Garristown, D.M.R. Northern Division,1
2020,63402,Howth, D.M.R. Northern Division,79
2020,63402,Howth, D.M.R. Northern Division,19
2020,63402,Howth, D.M.R. Northern Division,0
2020,63402,Howth, D.M.R. Northern Division,22
2020,63402,Howth, D.M.R. Northern Division,63
2020,63402,Howth, D.M.R. Northern Division,282
2020,63402,Howth, D.M.R. Northern Division,29
2020,63402,Howth, D.M.R. Northern Division,80
2020,63402,Howth, D.M.R. Northern Division,5
2020,63402,Howth, D.M.R. Northern Division,117
2020,63402,Howth, D.M.R. Northern Division,71
2020,63402,Howth, D.M.R. Northern Division,18
2020,61102,Irishtown, D.M.R. South Central Division,84
2020,61102,Irishtown, D.M.R. South Central Division,21
2020,61102,Irishtown, D.M.R. South Central Division,0
2020,61102,Irishtown, D.M.R. South Central Division,12
2020,61102,Irishtown, D.M.R. South Central Division,98
2020,61102,Irishtown, D.M.R. South Central Division,576
2020,61102,Irishtown, D.M.R. South Central Division,45
2020,61102,Irishtown, D.M.R. South Central Division,100
2020,61102,Irishtown, D.M.R. South Central Division,21
2020,61102,Irishtown, D.M.R. South Central Division,96
2020,61102,Irishtown, D.M.R. South Central Division,152
2020,61102,Irishtown, D.M.R. South Central Division,18
2020,61301,KevinStreet, D.M.R. South Central Division,263
2020,61301,KevinStreet, D.M.R. South Central Division,56
2020,61301,KevinStreet, D.M.R. South Central Division,3
2020,61301,KevinStreet, D.M.R. South Central Division,49
2020,61301,KevinStreet, D.M.R. South Central Division,128
2020,61301,KevinStreet, D.M.R. South Central Division,762
2020,61301,KevinStreet, D.M.R. South Central Division,105
2020,61301,KevinStreet, D.M.R. South Central Division,490
2020,61301,KevinStreet, D.M.R. South Central Division,71
2020,61301,KevinStreet, D.M.R. South Central Division,265
2020,61301,KevinStreet, D.M.R. South Central Division,538
2020,61301,KevinStreet, D.M.R. South Central Division,44
2020,61302,Kilmainham, D.M.R. South Central Division,250
2020,61302,Kilmainham, D.M.R. South Central Division,60
2020,61302,Kilmainham, D.M.R. South Central Division,1
2020,61302,Kilmainham, D.M.R. South Central Division,77
2020,61302,Kilmainham, D.M.R. South Central Division,126
2020,61302,Kilmainham, D.M.R. South Central Division,667
2020,61302,Kilmainham, D.M.R. South Central Division,78
2020,61302,Kilmainham, D.M.R. South Central Division,180
2020,61302,Kilmainham, D.M.R. South Central Division,32
2020,61302,Kilmainham, D.M.R. South Central Division,286
2020,61302,Kilmainham, D.M.R. South Central Division,316
2020,61302,Kilmainham, D.M.R. South Central Division,68
2020,66301,Lucan, D.M.R. Western Division,128
2020,66301,Lucan, D.M.R. Western Division,38
2020,66301,Lucan, D.M.R. Western Division,1
2020,66301,Lucan, D.M.R. Western Division,18
2020,66301,Lucan, D.M.R. Western Division,103
2020,66301,Lucan, D.M.R. Western Division,492
2020,66301,Lucan, D.M.R. Western Division,87
2020,66301,Lucan, D.M.R. Western Division,223
2020,66301,Lucan, D.M.R. Western Division,25
2020,66301,Lucan, D.M.R. Western Division,150
2020,66301,Lucan, D.M.R. Western Division,152
2020,66301,Lucan, D.M.R. Western Division,30
2020,63103,Lusk, D.M.R. Northern Division,73
2020,63103,Lusk, D.M.R. Northern Division,22
2020,63103,Lusk, D.M.R. Northern Division,0
2020,63103,Lusk, D.M.R. Northern Division,10
2020,63103,Lusk, D.M.R. Northern Division,20
2020,63103,Lusk, D.M.R. Northern Division,297
2020,63103,Lusk, D.M.R. Northern Division,16
2020,63103,Lusk, D.M.R. Northern Division,42
2020,63103,Lusk, D.M.R. Northern Division,6
2020,63103,Lusk, D.M.R. Northern Division,69
2020,63103,Lusk, D.M.R. Northern Division,31
2020,63103,Lusk, D.M.R. Northern Division,18
2020,63302,Malahide, D.M.R. Northern Division,67
2020,63302,Malahide, D.M.R. Northern Division,13
2020,63302,Malahide, D.M.R. Northern Division,0
2020,63302,Malahide, D.M.R. Northern Division,27
2020,63302,Malahide, D.M.R. Northern Division,93
2020,63302,Malahide, D.M.R. Northern Division,357
2020,63302,Malahide, D.M.R. Northern Division,37
2020,63302,Malahide, D.M.R. Northern Division,51
2020,63302,Malahide, D.M.R. Northern Division,4
2020,63302,Malahide, D.M.R. Northern Division,103
2020,63302,Malahide, D.M.R. Northern Division,57
2020,63302,Malahide, D.M.R. Northern Division,15
2020,62203,Mountjoy, D.M.R. North Central Division,252
2020,62203,Mountjoy, D.M.R. North Central Division,68
2020,62203,Mountjoy, D.M.R. North Central Division,0
2020,62203,Mountjoy, D.M.R. North Central Division,32
2020,62203,Mountjoy, D.M.R. North Central Division,138
2020,62203,Mountjoy, D.M.R. North Central Division,761
2020,62203,Mountjoy, D.M.R. North Central Division,99
2020,62203,Mountjoy, D.M.R. North Central Division,160
2020,62203,Mountjoy, D.M.R. North Central Division,29
2020,62203,Mountjoy, D.M.R. North Central Division,259
2020,62203,Mountjoy, D.M.R. North Central Division,275
2020,62203,Mountjoy, D.M.R. North Central Division,94
2020,61202,PearseStreet, D.M.R. South Central Division,375
2020,61202,PearseStreet, D.M.R. South Central Division,61
2020,61202,PearseStreet, D.M.R. South Central Division,3
2020,61202,PearseStreet, D.M.R. South Central Division,129
2020,61202,PearseStreet, D.M.R. South Central Division,389
2020,61202,PearseStreet, D.M.R. South Central Division,2616
2020,61202,PearseStreet, D.M.R. South Central Division,268
2020,61202,PearseStreet, D.M.R. South Central Division,612
2020,61202,PearseStreet, D.M.R. South Central Division,190
2020,61202,PearseStreet, D.M.R. South Central Division,381
2020,61202,PearseStreet, D.M.R. South Central Division,1936
2020,61202,PearseStreet, D.M.R. South Central Division,74
2020,63403,Raheny, D.M.R. Northern Division,112
2020,63403,Raheny, D.M.R. Northern Division,15
2020,63403,Raheny, D.M.R. Northern Division,2
2020,63403,Raheny, D.M.R. Northern Division,29
2020,63403,Raheny, D.M.R. Northern Division,66
2020,63403,Raheny, D.M.R. Northern Division,268
2020,63403,Raheny, D.M.R. Northern Division,38
2020,63403,Raheny, D.M.R. Northern Division,167
2020,63403,Raheny, D.M.R. Northern Division,20
2020,63403,Raheny, D.M.R. Northern Division,101
2020,63403,Raheny, D.M.R. Northern Division,124
2020,63403,Raheny, D.M.R. Northern Division,35
2020,66203,Rathcoole, D.M.R. Western Division,63
2020,66203,Rathcoole, D.M.R. Western Division,32
2020,66203,Rathcoole, D.M.R. Western Division,0
2020,66203,Rathcoole, D.M.R. Western Division,7
2020,66203,Rathcoole, D.M.R. Western Division,52
2020,66203,Rathcoole, D.M.R. Western Division,325
2020,66203,Rathcoole, D.M.R. Western Division,38
2020,66203,Rathcoole, D.M.R. Western Division,50
2020,66203,Rathcoole, D.M.R. Western Division,6
2020,66203,Rathcoole, D.M.R. Western Division,47
2020,66203,Rathcoole, D.M.R. Western Division,46
2020,66203,Rathcoole, D.M.R. Western Division,14
2020,64201,Rathfarnham, D.M.R. Southern Division,95
2020,64201,Rathfarnham, D.M.R. Southern Division,74
2020,64201,Rathfarnham, D.M.R. Southern Division,0
2020,64201,Rathfarnham, D.M.R. Southern Division,32
2020,64201,Rathfarnham, D.M.R. Southern Division,166
2020,64201,Rathfarnham, D.M.R. Southern Division,715
2020,64201,Rathfarnham, D.M.R. Southern Division,85
2020,64201,Rathfarnham, D.M.R. Southern Division,147
2020,64201,Rathfarnham, D.M.R. Southern Division,25
2020,64201,Rathfarnham, D.M.R. Southern Division,186
2020,64201,Rathfarnham, D.M.R. Southern Division,187
2020,64201,Rathfarnham, D.M.R. Southern Division,52
2020,64301,Rathmines, D.M.R. Southern Division,66
2020,64301,Rathmines, D.M.R. Southern Division,29
2020,64301,Rathmines, D.M.R. Southern Division,0
2020,64301,Rathmines, D.M.R. Southern Division,12
2020,64301,Rathmines, D.M.R. Southern Division,91
2020,64301,Rathmines, D.M.R. Southern Division,541
2020,64301,Rathmines, D.M.R. Southern Division,61
2020,64301,Rathmines, D.M.R. Southern Division,206
2020,64301,Rathmines, D.M.R. Southern Division,13
2020,64301,Rathmines, D.M.R. Southern Division,106
2020,64301,Rathmines, D.M.R. Southern Division,210
2020,64301,Rathmines, D.M.R. Southern Division,21
2020,66302,Ronanstown, D.M.R. Western Division,274
2020,66302,Ronanstown, D.M.R. Western Division,105
2020,66302,Ronanstown, D.M.R. Western Division,2
2020,66302,Ronanstown, D.M.R. Western Division,23
2020,66302,Ronanstown, D.M.R. Western Division,124
2020,66302,Ronanstown, D.M.R. Western Division,797
2020,66302,Ronanstown, D.M.R. Western Division,67
2020,66302,Ronanstown, D.M.R. Western Division,936
2020,66302,Ronanstown, D.M.R. Western Division,42
2020,66302,Ronanstown, D.M.R. Western Division,295
2020,66302,Ronanstown, D.M.R. Western Division,228
2020,66302,Ronanstown, D.M.R. Western Division,290
2020,63203,Santry, D.M.R. Northern Division,118
2020,63203,Santry, D.M.R. Northern Division,58
2020,63203,Santry, D.M.R. Northern Division,1
2020,63203,Santry, D.M.R. Northern Division,31
2020,63203,Santry, D.M.R. Northern Division,149
2020,63203,Santry, D.M.R. Northern Division,1010
2020,63203,Santry, D.M.R. Northern Division,92
2020,63203,Santry, D.M.R. Northern Division,101
2020,63203,Santry, D.M.R. Northern Division,16
2020,63203,Santry, D.M.R. Northern Division,164
2020,63203,Santry, D.M.R. Northern Division,175
2020,63203,Santry, D.M.R. Northern Division,22
2020,65205,Shankill, D.M.R. Eastern Division,81
2020,65205,Shankill, D.M.R. Eastern Division,41
2020,65205,Shankill, D.M.R. Eastern Division,0
2020,65205,Shankill, D.M.R. Eastern Division,3
2020,65205,Shankill, D.M.R. Eastern Division,78
2020,65205,Shankill, D.M.R. Eastern Division,216
2020,65205,Shankill, D.M.R. Eastern Division,21
2020,65205,Shankill, D.M.R. Eastern Division,77
2020,65205,Shankill, D.M.R. Eastern Division,14
2020,65205,Shankill, D.M.R. Eastern Division,118
2020,65205,Shankill, D.M.R. Eastern Division,106
2020,65205,Shankill, D.M.R. Eastern Division,29
2020,63105,Skerries, D.M.R. Northern Division,29
2020,63105,Skerries, D.M.R. Northern Division,10
2020,63105,Skerries, D.M.R. Northern Division,1
2020,63105,Skerries, D.M.R. Northern Division,2
2020,63105,Skerries, D.M.R. Northern Division,16
2020,63105,Skerries, D.M.R. Northern Division,53
2020,63105,Skerries, D.M.R. Northern Division,10
2020,63105,Skerries, D.M.R. Northern Division,24
2020,63105,Skerries, D.M.R. Northern Division,8
2020,63105,Skerries, D.M.R. Northern Division,29
2020,63105,Skerries, D.M.R. Northern Division,17
2020,63105,Skerries, D.M.R. Northern Division,5
2020,62301,StoreStreet, D.M.R. North Central Division,465
2020,62301,StoreStreet, D.M.R. North Central Division,103
2020,62301,StoreStreet, D.M.R. North Central Division,2
2020,62301,StoreStreet, D.M.R. North Central Division,120
2020,62301,StoreStreet, D.M.R. North Central Division,196
2020,62301,StoreStreet, D.M.R. North Central Division,2803
2020,62301,StoreStreet, D.M.R. North Central Division,263
2020,62301,StoreStreet, D.M.R. North Central Division,780
2020,62301,StoreStreet, D.M.R. North Central Division,145
2020,62301,StoreStreet, D.M.R. North Central Division,420
2020,62301,StoreStreet, D.M.R. North Central Division,1936
2020,62301,StoreStreet, D.M.R. North Central Division,53
2020,64102,SundriveRoad, D.M.R. Southern Division,122
2020,64102,SundriveRoad, D.M.R. Southern Division,52
2020,64102,SundriveRoad, D.M.R. Southern Division,0
2020,64102,SundriveRoad, D.M.R. Southern Division,21
2020,64102,SundriveRoad, D.M.R. Southern Division,80
2020,64102,SundriveRoad, D.M.R. Southern Division,281
2020,64102,SundriveRoad, D.M.R. Southern Division,39
2020,64102,SundriveRoad, D.M.R. Southern Division,168
2020,64102,SundriveRoad, D.M.R. Southern Division,27
2020,64102,SundriveRoad, D.M.R. Southern Division,123
2020,64102,SundriveRoad, D.M.R. Southern Division,179
2020,64102,SundriveRoad, D.M.R. Southern Division,56
2020,63303,Swords, D.M.R. Northern Division,227
2020,63303,Swords, D.M.R. Northern Division,86
2020,63303,Swords, D.M.R. Northern Division,0
2020,63303,Swords, D.M.R. Northern Division,33
2020,63303,Swords, D.M.R. Northern Division,94
2020,63303,Swords, D.M.R. Northern Division,834
2020,63303,Swords, D.M.R. Northern Division,109
2020,63303,Swords, D.M.R. Northern Division,154
2020,63303,Swords, D.M.R. Northern Division,27
2020,63303,Swords, D.M.R. Northern Division,196
2020,63303,Swords, D.M.R. Northern Division,192
2020,63303,Swords, D.M.R. Northern Division,147
2020,64202,Tallaght, D.M.R. Southern Division,379
2020,64202,Tallaght, D.M.R. Southern Division,175
2020,64202,Tallaght, D.M.R. Southern Division,5
2020,64202,Tallaght, D.M.R. Southern Division,73
2020,64202,Tallaght, D.M.R. Southern Division,334
2020,64202,Tallaght, D.M.R. Southern Division,1414
2020,64202,Tallaght, D.M.R. Southern Division,191
2020,64202,Tallaght, D.M.R. Southern Division,553
2020,64202,Tallaght, D.M.R. Southern Division,90
2020,64202,Tallaght, D.M.R. Southern Division,785
2020,64202,Tallaght, D.M.R. Southern Division,539
2020,64202,Tallaght, D.M.R. Southern Division,392
2020,64302,Terenure, D.M.R. Southern Division,42
2020,64302,Terenure, D.M.R. Southern Division,41
2020,64302,Terenure, D.M.R. Southern Division,0
2020,64302,Terenure, D.M.R. Southern Division,10
2020,64302,Terenure, D.M.R. Southern Division,95
2020,64302,Terenure, D.M.R. Southern Division,275
2020,64302,Terenure, D.M.R. Southern Division,46
2020,64302,Terenure, D.M.R. Southern Division,114
2020,64302,Terenure, D.M.R. Southern Division,14
2020,64302,Terenure, D.M.R. Southern Division,57
2020,64302,Terenure, D.M.R. Southern Division,100
2020,64302,Terenure, D.M.R. Southern Division,22
2021,63101,Balbriggan, D.M.R. Northern Division,191
2021,63101,Balbriggan, D.M.R. Northern Division,31
2021,63101,Balbriggan, D.M.R. Northern Division,1
2021,63101,Balbriggan, D.M.R. Northern Division,15
2021,63101,Balbriggan, D.M.R. Northern Division,38
2021,63101,Balbriggan, D.M.R. Northern Division,292
2021,63101,Balbriggan, D.M.R. Northern Division,139
2021,63101,Balbriggan, D.M.R. Northern Division,217
2021,63101,Balbriggan, D.M.R. Northern Division,29
2021,63101,Balbriggan, D.M.R. Northern Division,185
2021,63101,Balbriggan, D.M.R. Northern Division,159
2021,63101,Balbriggan, D.M.R. Northern Division,57
2021,66201,Ballyfermot, D.M.R. Western Division,175
2021,66201,Ballyfermot, D.M.R. Western Division,38
2021,66201,Ballyfermot, D.M.R. Western Division,1
2021,66201,Ballyfermot, D.M.R. Western Division,22
2021,66201,Ballyfermot, D.M.R. Western Division,53
2021,66201,Ballyfermot, D.M.R. Western Division,338
2021,66201,Ballyfermot, D.M.R. Western Division,71
2021,66201,Ballyfermot, D.M.R. Western Division,216
2021,66201,Ballyfermot, D.M.R. Western Division,24
2021,66201,Ballyfermot, D.M.R. Western Division,173
2021,66201,Ballyfermot, D.M.R. Western Division,150
2021,66201,Ballyfermot, D.M.R. Western Division,88
2021,63201,Ballymun, D.M.R. Northern Division,184
2021,63201,Ballymun, D.M.R. Northern Division,48
2021,63201,Ballymun, D.M.R. Northern Division,1
2021,63201,Ballymun, D.M.R. Northern Division,22
2021,63201,Ballymun, D.M.R. Northern Division,61
2021,63201,Ballymun, D.M.R. Northern Division,525
2021,63201,Ballymun, D.M.R. Northern Division,117
2021,63201,Ballymun, D.M.R. Northern Division,304
2021,63201,Ballymun, D.M.R. Northern Division,31
2021,63201,Ballymun, D.M.R. Northern Division,247
2021,63201,Ballymun, D.M.R. Northern Division,150
2021,63201,Ballymun, D.M.R. Northern Division,59
2021,65101,Blackrock," Co Dublin,  D.M.R. Eastern Division",86
2021,65101,Blackrock," Co Dublin,  D.M.R. Eastern Division",40
2021,65101,Blackrock," Co Dublin,  D.M.R. Eastern Division",0
2021,65101,Blackrock," Co Dublin,  D.M.R. Eastern Division",6
2021,65101,Blackrock," Co Dublin,  D.M.R. Eastern Division",63
2021,65101,Blackrock," Co Dublin,  D.M.R. Eastern Division",458
2021,65101,Blackrock," Co Dublin,  D.M.R. Eastern Division",200
2021,65101,Blackrock," Co Dublin,  D.M.R. Eastern Division",69
2021,65101,Blackrock," Co Dublin,  D.M.R. Eastern Division",13
2021,65101,Blackrock," Co Dublin,  D.M.R. Eastern Division",74
2021,65101,Blackrock," Co Dublin,  D.M.R. Eastern Division",118
2021,65101,Blackrock," Co Dublin,  D.M.R. Eastern Division",18
2021,66101,Blanchardstown, D.M.R. Western Division,462
2021,66101,Blanchardstown, D.M.R. Western Division,167
2021,66101,Blanchardstown, D.M.R. Western Division,8
2021,66101,Blanchardstown, D.M.R. Western Division,70
2021,66101,Blanchardstown, D.M.R. Western Division,213
2021,66101,Blanchardstown, D.M.R. Western Division,1696
2021,66101,Blanchardstown, D.M.R. Western Division,503
2021,66101,Blanchardstown, D.M.R. Western Division,233
2021,66101,Blanchardstown, D.M.R. Western Division,62
2021,66101,Blanchardstown, D.M.R. Western Division,463
2021,66101,Blanchardstown, D.M.R. Western Division,391
2021,66101,Blanchardstown, D.M.R. Western Division,689
2021,62101,BridewellDublin, D.M.R. North Central Division,219
2021,62101,BridewellDublin, D.M.R. North Central Division,67
2021,62101,BridewellDublin, D.M.R. North Central Division,0
2021,62101,BridewellDublin, D.M.R. North Central Division,31
2021,62101,BridewellDublin, D.M.R. North Central Division,74
2021,62101,BridewellDublin, D.M.R. North Central Division,535
2021,62101,BridewellDublin, D.M.R. North Central Division,139
2021,62101,BridewellDublin, D.M.R. North Central Division,160
2021,62101,BridewellDublin, D.M.R. North Central Division,21
2021,62101,BridewellDublin, D.M.R. North Central Division,266
2021,62101,BridewellDublin, D.M.R. North Central Division,307
2021,62101,BridewellDublin, D.M.R. North Central Division,2359
2021,65201,Cabinteely, D.M.R. Eastern Division,50
2021,65201,Cabinteely, D.M.R. Eastern Division,25
2021,65201,Cabinteely, D.M.R. Eastern Division,1
2021,65201,Cabinteely, D.M.R. Eastern Division,12
2021,65201,Cabinteely, D.M.R. Eastern Division,73
2021,65201,Cabinteely, D.M.R. Eastern Division,291
2021,65201,Cabinteely, D.M.R. Eastern Division,89
2021,65201,Cabinteely, D.M.R. Eastern Division,76
2021,65201,Cabinteely, D.M.R. Eastern Division,8
2021,65201,Cabinteely, D.M.R. Eastern Division,109
2021,65201,Cabinteely, D.M.R. Eastern Division,85
2021,65201,Cabinteely, D.M.R. Eastern Division,22
2021,66102,Cabra, D.M.R. Western Division,83
2021,66102,Cabra, D.M.R. Western Division,24
2021,66102,Cabra, D.M.R. Western Division,0
2021,66102,Cabra, D.M.R. Western Division,21
2021,66102,Cabra, D.M.R. Western Division,41
2021,66102,Cabra, D.M.R. Western Division,359
2021,66102,Cabra, D.M.R. Western Division,69
2021,66102,Cabra, D.M.R. Western Division,58
2021,66102,Cabra, D.M.R. Western Division,13
2021,66102,Cabra, D.M.R. Western Division,103
2021,66102,Cabra, D.M.R. Western Division,111
2021,66102,Cabra, D.M.R. Western Division,25
2021,66202,Clondalkin, D.M.R. Western Division,208
2021,66202,Clondalkin, D.M.R. Western Division,103
2021,66202,Clondalkin, D.M.R. Western Division,1
2021,66202,Clondalkin, D.M.R. Western Division,25
2021,66202,Clondalkin, D.M.R. Western Division,122
2021,66202,Clondalkin, D.M.R. Western Division,542
2021,66202,Clondalkin, D.M.R. Western Division,154
2021,66202,Clondalkin, D.M.R. Western Division,344
2021,66202,Clondalkin, D.M.R. Western Division,29
2021,66202,Clondalkin, D.M.R. Western Division,201
2021,66202,Clondalkin, D.M.R. Western Division,193
2021,66202,Clondalkin, D.M.R. Western Division,82
2021,63401,Clontarf, D.M.R. Northern Division,132
2021,63401,Clontarf, D.M.R. Northern Division,48
2021,63401,Clontarf, D.M.R. Northern Division,0
2021,63401,Clontarf, D.M.R. Northern Division,23
2021,63401,Clontarf, D.M.R. Northern Division,73
2021,63401,Clontarf, D.M.R. Northern Division,484
2021,63401,Clontarf, D.M.R. Northern Division,155
2021,63401,Clontarf, D.M.R. Northern Division,75
2021,63401,Clontarf, D.M.R. Northern Division,19
2021,63401,Clontarf, D.M.R. Northern Division,161
2021,63401,Clontarf, D.M.R. Northern Division,131
2021,63401,Clontarf, D.M.R. Northern Division,32
2021,63301,Coolock, D.M.R. Northern Division,280
2021,63301,Coolock, D.M.R. Northern Division,84
2021,63301,Coolock, D.M.R. Northern Division,0
2021,63301,Coolock, D.M.R. Northern Division,72
2021,63301,Coolock, D.M.R. Northern Division,102
2021,63301,Coolock, D.M.R. Northern Division,964
2021,63301,Coolock, D.M.R. Northern Division,160
2021,63301,Coolock, D.M.R. Northern Division,212
2021,63301,Coolock, D.M.R. Northern Division,45
2021,63301,Coolock, D.M.R. Northern Division,406
2021,63301,Coolock, D.M.R. Northern Division,231
2021,63301,Coolock, D.M.R. Northern Division,118
2021,64101,Crumlin, D.M.R. Southern Division,93
2021,64101,Crumlin, D.M.R. Southern Division,46
2021,64101,Crumlin, D.M.R. Southern Division,1
2021,64101,Crumlin, D.M.R. Southern Division,10
2021,64101,Crumlin, D.M.R. Southern Division,80
2021,64101,Crumlin, D.M.R. Southern Division,353
2021,64101,Crumlin, D.M.R. Southern Division,103
2021,64101,Crumlin, D.M.R. Southern Division,148
2021,64101,Crumlin, D.M.R. Southern Division,11
2021,64101,Crumlin, D.M.R. Southern Division,124
2021,64101,Crumlin, D.M.R. Southern Division,158
2021,64101,Crumlin, D.M.R. Southern Division,37
2021,61101,Donnybrook, D.M.R. South Central Division,73
2021,61101,Donnybrook, D.M.R. South Central Division,25
2021,61101,Donnybrook, D.M.R. South Central Division,0
2021,61101,Donnybrook, D.M.R. South Central Division,21
2021,61101,Donnybrook, D.M.R. South Central Division,94
2021,61101,Donnybrook, D.M.R. South Central Division,633
2021,61101,Donnybrook, D.M.R. South Central Division,169
2021,61101,Donnybrook, D.M.R. South Central Division,33
2021,61101,Donnybrook, D.M.R. South Central Division,18
2021,61101,Donnybrook, D.M.R. South Central Division,68
2021,61101,Donnybrook, D.M.R. South Central Division,170
2021,61101,Donnybrook, D.M.R. South Central Division,6
2021,63202,DublinAirport, D.M.R. Northern Division,11
2021,63202,DublinAirport, D.M.R. Northern Division,13
2021,63202,DublinAirport, D.M.R. Northern Division,2
2021,63202,DublinAirport, D.M.R. Northern Division,0
2021,63202,DublinAirport, D.M.R. Northern Division,1
2021,63202,DublinAirport, D.M.R. Northern Division,63
2021,63202,DublinAirport, D.M.R. Northern Division,27
2021,63202,DublinAirport, D.M.R. Northern Division,15
2021,63202,DublinAirport, D.M.R. Northern Division,8
2021,63202,DublinAirport, D.M.R. Northern Division,8
2021,63202,DublinAirport, D.M.R. Northern Division,76
2021,63202,DublinAirport, D.M.R. Northern Division,4
2021,65203,DunLaoghaire, D.M.R. Eastern Division,118
2021,65203,DunLaoghaire, D.M.R. Eastern Division,31
2021,65203,DunLaoghaire, D.M.R. Eastern Division,0
2021,65203,DunLaoghaire, D.M.R. Eastern Division,14
2021,65203,DunLaoghaire, D.M.R. Eastern Division,117
2021,65203,DunLaoghaire, D.M.R. Eastern Division,549
2021,65203,DunLaoghaire, D.M.R. Eastern Division,212
2021,65203,DunLaoghaire, D.M.R. Eastern Division,124
2021,65203,DunLaoghaire, D.M.R. Eastern Division,23
2021,65203,DunLaoghaire, D.M.R. Eastern Division,168
2021,65203,DunLaoghaire, D.M.R. Eastern Division,247
2021,65203,DunLaoghaire, D.M.R. Eastern Division,247
2021,65102,Dundrum, D.M.R. Eastern Division,172
2021,65102,Dundrum, D.M.R. Eastern Division,68
2021,65102,Dundrum, D.M.R. Eastern Division,4
2021,65102,Dundrum, D.M.R. Eastern Division,27
2021,65102,Dundrum, D.M.R. Eastern Division,185
2021,65102,Dundrum, D.M.R. Eastern Division,982
2021,65102,Dundrum, D.M.R. Eastern Division,327
2021,65102,Dundrum, D.M.R. Eastern Division,143
2021,65102,Dundrum, D.M.R. Eastern Division,25
2021,65102,Dundrum, D.M.R. Eastern Division,167
2021,65102,Dundrum, D.M.R. Eastern Division,180
2021,65102,Dundrum, D.M.R. Eastern Division,49
2021,66103,Finglas, D.M.R. Western Division,278
2021,66103,Finglas, D.M.R. Western Division,101
2021,66103,Finglas, D.M.R. Western Division,2
2021,66103,Finglas, D.M.R. Western Division,39
2021,66103,Finglas, D.M.R. Western Division,94
2021,66103,Finglas, D.M.R. Western Division,1040
2021,66103,Finglas, D.M.R. Western Division,188
2021,66103,Finglas, D.M.R. Western Division,522
2021,66103,Finglas, D.M.R. Western Division,40
2021,66103,Finglas, D.M.R. Western Division,316
2021,66103,Finglas, D.M.R. Western Division,305
2021,66103,Finglas, D.M.R. Western Division,138
2021,62202,FitzgibbonStreet, D.M.R. North Central Division,187
2021,62202,FitzgibbonStreet, D.M.R. North Central Division,47
2021,62202,FitzgibbonStreet, D.M.R. North Central Division,4
2021,62202,FitzgibbonStreet, D.M.R. North Central Division,41
2021,62202,FitzgibbonStreet, D.M.R. North Central Division,67
2021,62202,FitzgibbonStreet, D.M.R. North Central Division,458
2021,62202,FitzgibbonStreet, D.M.R. North Central Division,112
2021,62202,FitzgibbonStreet, D.M.R. North Central Division,180
2021,62202,FitzgibbonStreet, D.M.R. North Central Division,37
2021,62202,FitzgibbonStreet, D.M.R. North Central Division,234
2021,62202,FitzgibbonStreet, D.M.R. North Central Division,214
2021,62202,FitzgibbonStreet, D.M.R. North Central Division,47
2021,63102,Garristown, D.M.R. Northern Division,11
2021,63102,Garristown, D.M.R. Northern Division,1
2021,63102,Garristown, D.M.R. Northern Division,0
2021,63102,Garristown, D.M.R. Northern Division,0
2021,63102,Garristown, D.M.R. Northern Division,9
2021,63102,Garristown, D.M.R. Northern Division,11
2021,63102,Garristown, D.M.R. Northern Division,7
2021,63102,Garristown, D.M.R. Northern Division,3
2021,63102,Garristown, D.M.R. Northern Division,2
2021,63102,Garristown, D.M.R. Northern Division,12
2021,63102,Garristown, D.M.R. Northern Division,5
2021,63102,Garristown, D.M.R. Northern Division,1
2021,63402,Howth, D.M.R. Northern Division,95
2021,63402,Howth, D.M.R. Northern Division,16
2021,63402,Howth, D.M.R. Northern Division,0
2021,63402,Howth, D.M.R. Northern Division,11
2021,63402,Howth, D.M.R. Northern Division,44
2021,63402,Howth, D.M.R. Northern Division,223
2021,63402,Howth, D.M.R. Northern Division,73
2021,63402,Howth, D.M.R. Northern Division,65
2021,63402,Howth, D.M.R. Northern Division,7
2021,63402,Howth, D.M.R. Northern Division,115
2021,63402,Howth, D.M.R. Northern Division,93
2021,63402,Howth, D.M.R. Northern Division,11
2021,61102,Irishtown, D.M.R. South Central Division,100
2021,61102,Irishtown, D.M.R. South Central Division,17
2021,61102,Irishtown, D.M.R. South Central Division,0
2021,61102,Irishtown, D.M.R. South Central Division,18
2021,61102,Irishtown, D.M.R. South Central Division,87
2021,61102,Irishtown, D.M.R. South Central Division,461
2021,61102,Irishtown, D.M.R. South Central Division,132
2021,61102,Irishtown, D.M.R. South Central Division,61
2021,61102,Irishtown, D.M.R. South Central Division,6
2021,61102,Irishtown, D.M.R. South Central Division,109
2021,61102,Irishtown, D.M.R. South Central Division,169
2021,61102,Irishtown, D.M.R. South Central Division,14
2021,61301,KevinStreet, D.M.R. South Central Division,211
2021,61301,KevinStreet, D.M.R. South Central Division,95
2021,61301,KevinStreet, D.M.R. South Central Division,6
2021,61301,KevinStreet, D.M.R. South Central Division,42
2021,61301,KevinStreet, D.M.R. South Central Division,138
2021,61301,KevinStreet, D.M.R. South Central Division,685
2021,61301,KevinStreet, D.M.R. South Central Division,199
2021,61301,KevinStreet, D.M.R. South Central Division,319
2021,61301,KevinStreet, D.M.R. South Central Division,59
2021,61301,KevinStreet, D.M.R. South Central Division,272
2021,61301,KevinStreet, D.M.R. South Central Division,468
2021,61301,KevinStreet, D.M.R. South Central Division,41
2021,61302,Kilmainham, D.M.R. South Central Division,193
2021,61302,Kilmainham, D.M.R. South Central Division,73
2021,61302,Kilmainham, D.M.R. South Central Division,2
2021,61302,Kilmainham, D.M.R. South Central Division,38
2021,61302,Kilmainham, D.M.R. South Central Division,80
2021,61302,Kilmainham, D.M.R. South Central Division,550
2021,61302,Kilmainham, D.M.R. South Central Division,120
2021,61302,Kilmainham, D.M.R. South Central Division,122
2021,61302,Kilmainham, D.M.R. South Central Division,21
2021,61302,Kilmainham, D.M.R. South Central Division,232
2021,61302,Kilmainham, D.M.R. South Central Division,284
2021,61302,Kilmainham, D.M.R. South Central Division,38
2021,66301,Lucan, D.M.R. Western Division,106
2021,66301,Lucan, D.M.R. Western Division,77
2021,66301,Lucan, D.M.R. Western Division,1
2021,66301,Lucan, D.M.R. Western Division,15
2021,66301,Lucan, D.M.R. Western Division,99
2021,66301,Lucan, D.M.R. Western Division,407
2021,66301,Lucan, D.M.R. Western Division,175
2021,66301,Lucan, D.M.R. Western Division,270
2021,66301,Lucan, D.M.R. Western Division,22
2021,66301,Lucan, D.M.R. Western Division,128
2021,66301,Lucan, D.M.R. Western Division,137
2021,66301,Lucan, D.M.R. Western Division,21
2021,63103,Lusk, D.M.R. Northern Division,93
2021,63103,Lusk, D.M.R. Northern Division,17
2021,63103,Lusk, D.M.R. Northern Division,0
2021,63103,Lusk, D.M.R. Northern Division,3
2021,63103,Lusk, D.M.R. Northern Division,22
2021,63103,Lusk, D.M.R. Northern Division,310
2021,63103,Lusk, D.M.R. Northern Division,38
2021,63103,Lusk, D.M.R. Northern Division,80
2021,63103,Lusk, D.M.R. Northern Division,13
2021,63103,Lusk, D.M.R. Northern Division,75
2021,63103,Lusk, D.M.R. Northern Division,53
2021,63103,Lusk, D.M.R. Northern Division,10
2021,63302,Malahide, D.M.R. Northern Division,91
2021,63302,Malahide, D.M.R. Northern Division,18
2021,63302,Malahide, D.M.R. Northern Division,0
2021,63302,Malahide, D.M.R. Northern Division,17
2021,63302,Malahide, D.M.R. Northern Division,47
2021,63302,Malahide, D.M.R. Northern Division,232
2021,63302,Malahide, D.M.R. Northern Division,97
2021,63302,Malahide, D.M.R. Northern Division,29
2021,63302,Malahide, D.M.R. Northern Division,7
2021,63302,Malahide, D.M.R. Northern Division,111
2021,63302,Malahide, D.M.R. Northern Division,90
2021,63302,Malahide, D.M.R. Northern Division,22
2021,62203,Mountjoy, D.M.R. North Central Division,197
2021,62203,Mountjoy, D.M.R. North Central Division,56
2021,62203,Mountjoy, D.M.R. North Central Division,0
2021,62203,Mountjoy, D.M.R. North Central Division,41
2021,62203,Mountjoy, D.M.R. North Central Division,104
2021,62203,Mountjoy, D.M.R. North Central Division,590
2021,62203,Mountjoy, D.M.R. North Central Division,139
2021,62203,Mountjoy, D.M.R. North Central Division,91
2021,62203,Mountjoy, D.M.R. North Central Division,28
2021,62203,Mountjoy, D.M.R. North Central Division,230
2021,62203,Mountjoy, D.M.R. North Central Division,188
2021,62203,Mountjoy, D.M.R. North Central Division,58
2021,61202,PearseStreet, D.M.R. South Central Division,432
2021,61202,PearseStreet, D.M.R. South Central Division,52
2021,61202,PearseStreet, D.M.R. South Central Division,6
2021,61202,PearseStreet, D.M.R. South Central Division,149
2021,61202,PearseStreet, D.M.R. South Central Division,326
2021,61202,PearseStreet, D.M.R. South Central Division,2412
2021,61202,PearseStreet, D.M.R. South Central Division,353
2021,61202,PearseStreet, D.M.R. South Central Division,453
2021,61202,PearseStreet, D.M.R. South Central Division,147
2021,61202,PearseStreet, D.M.R. South Central Division,371
2021,61202,PearseStreet, D.M.R. South Central Division,1833
2021,61202,PearseStreet, D.M.R. South Central Division,70
2021,63403,Raheny, D.M.R. Northern Division,82
2021,63403,Raheny, D.M.R. Northern Division,25
2021,63403,Raheny, D.M.R. Northern Division,1
2021,63403,Raheny, D.M.R. Northern Division,22
2021,63403,Raheny, D.M.R. Northern Division,47
2021,63403,Raheny, D.M.R. Northern Division,231
2021,63403,Raheny, D.M.R. Northern Division,96
2021,63403,Raheny, D.M.R. Northern Division,95
2021,63403,Raheny, D.M.R. Northern Division,10
2021,63403,Raheny, D.M.R. Northern Division,79
2021,63403,Raheny, D.M.R. Northern Division,90
2021,63403,Raheny, D.M.R. Northern Division,24
2021,66203,Rathcoole, D.M.R. Western Division,65
2021,66203,Rathcoole, D.M.R. Western Division,25
2021,66203,Rathcoole, D.M.R. Western Division,0
2021,66203,Rathcoole, D.M.R. Western Division,6
2021,66203,Rathcoole, D.M.R. Western Division,40
2021,66203,Rathcoole, D.M.R. Western Division,328
2021,66203,Rathcoole, D.M.R. Western Division,43
2021,66203,Rathcoole, D.M.R. Western Division,38
2021,66203,Rathcoole, D.M.R. Western Division,8
2021,66203,Rathcoole, D.M.R. Western Division,68
2021,66203,Rathcoole, D.M.R. Western Division,47
2021,66203,Rathcoole, D.M.R. Western Division,21
2021,64201,Rathfarnham, D.M.R. Southern Division,117
2021,64201,Rathfarnham, D.M.R. Southern Division,50
2021,64201,Rathfarnham, D.M.R. Southern Division,0
2021,64201,Rathfarnham, D.M.R. Southern Division,8
2021,64201,Rathfarnham, D.M.R. Southern Division,113
2021,64201,Rathfarnham, D.M.R. Southern Division,598
2021,64201,Rathfarnham, D.M.R. Southern Division,195
2021,64201,Rathfarnham, D.M.R. Southern Division,120
2021,64201,Rathfarnham, D.M.R. Southern Division,13
2021,64201,Rathfarnham, D.M.R. Southern Division,173
2021,64201,Rathfarnham, D.M.R. Southern Division,168
2021,64201,Rathfarnham, D.M.R. Southern Division,35
2021,64301,Rathmines, D.M.R. Southern Division,85
2021,64301,Rathmines, D.M.R. Southern Division,18
2021,64301,Rathmines, D.M.R. Southern Division,0
2021,64301,Rathmines, D.M.R. Southern Division,16
2021,64301,Rathmines, D.M.R. Southern Division,72
2021,64301,Rathmines, D.M.R. Southern Division,612
2021,64301,Rathmines, D.M.R. Southern Division,104
2021,64301,Rathmines, D.M.R. Southern Division,139
2021,64301,Rathmines, D.M.R. Southern Division,5
2021,64301,Rathmines, D.M.R. Southern Division,108
2021,64301,Rathmines, D.M.R. Southern Division,198
2021,64301,Rathmines, D.M.R. Southern Division,25
2021,66302,Ronanstown, D.M.R. Western Division,258
2021,66302,Ronanstown, D.M.R. Western Division,80
2021,66302,Ronanstown, D.M.R. Western Division,0
2021,66302,Ronanstown, D.M.R. Western Division,24
2021,66302,Ronanstown, D.M.R. Western Division,89
2021,66302,Ronanstown, D.M.R. Western Division,809
2021,66302,Ronanstown, D.M.R. Western Division,83
2021,66302,Ronanstown, D.M.R. Western Division,943
2021,66302,Ronanstown, D.M.R. Western Division,40
2021,66302,Ronanstown, D.M.R. Western Division,274
2021,66302,Ronanstown, D.M.R. Western Division,244
2021,66302,Ronanstown, D.M.R. Western Division,232
2021,63203,Santry, D.M.R. Northern Division,152
2021,63203,Santry, D.M.R. Northern Division,54
2021,63203,Santry, D.M.R. Northern Division,2
2021,63203,Santry, D.M.R. Northern Division,39
2021,63203,Santry, D.M.R. Northern Division,99
2021,63203,Santry, D.M.R. Northern Division,856
2021,63203,Santry, D.M.R. Northern Division,135
2021,63203,Santry, D.M.R. Northern Division,71
2021,63203,Santry, D.M.R. Northern Division,20
2021,63203,Santry, D.M.R. Northern Division,212
2021,63203,Santry, D.M.R. Northern Division,133
2021,63203,Santry, D.M.R. Northern Division,26
2021,65205,Shankill, D.M.R. Eastern Division,55
2021,65205,Shankill, D.M.R. Eastern Division,29
2021,65205,Shankill, D.M.R. Eastern Division,1
2021,65205,Shankill, D.M.R. Eastern Division,10
2021,65205,Shankill, D.M.R. Eastern Division,39
2021,65205,Shankill, D.M.R. Eastern Division,177
2021,65205,Shankill, D.M.R. Eastern Division,51
2021,65205,Shankill, D.M.R. Eastern Division,78
2021,65205,Shankill, D.M.R. Eastern Division,8
2021,65205,Shankill, D.M.R. Eastern Division,120
2021,65205,Shankill, D.M.R. Eastern Division,88
2021,65205,Shankill, D.M.R. Eastern Division,25
2021,63105,Skerries, D.M.R. Northern Division,29
2021,63105,Skerries, D.M.R. Northern Division,3
2021,63105,Skerries, D.M.R. Northern Division,0
2021,63105,Skerries, D.M.R. Northern Division,3
2021,63105,Skerries, D.M.R. Northern Division,4
2021,63105,Skerries, D.M.R. Northern Division,52
2021,63105,Skerries, D.M.R. Northern Division,42
2021,63105,Skerries, D.M.R. Northern Division,31
2021,63105,Skerries, D.M.R. Northern Division,1
2021,63105,Skerries, D.M.R. Northern Division,30
2021,63105,Skerries, D.M.R. Northern Division,28
2021,63105,Skerries, D.M.R. Northern Division,4
2021,62301,StoreStreet, D.M.R. North Central Division,529
2021,62301,StoreStreet, D.M.R. North Central Division,105
2021,62301,StoreStreet, D.M.R. North Central Division,5
2021,62301,StoreStreet, D.M.R. North Central Division,118
2021,62301,StoreStreet, D.M.R. North Central Division,221
2021,62301,StoreStreet, D.M.R. North Central Division,2552
2021,62301,StoreStreet, D.M.R. North Central Division,354
2021,62301,StoreStreet, D.M.R. North Central Division,693
2021,62301,StoreStreet, D.M.R. North Central Division,169
2021,62301,StoreStreet, D.M.R. North Central Division,387
2021,62301,StoreStreet, D.M.R. North Central Division,1762
2021,62301,StoreStreet, D.M.R. North Central Division,63
2021,64102,SundriveRoad, D.M.R. Southern Division,109
2021,64102,SundriveRoad, D.M.R. Southern Division,40
2021,64102,SundriveRoad, D.M.R. Southern Division,1
2021,64102,SundriveRoad, D.M.R. Southern Division,13
2021,64102,SundriveRoad, D.M.R. Southern Division,43
2021,64102,SundriveRoad, D.M.R. Southern Division,302
2021,64102,SundriveRoad, D.M.R. Southern Division,101
2021,64102,SundriveRoad, D.M.R. Southern Division,150
2021,64102,SundriveRoad, D.M.R. Southern Division,18
2021,64102,SundriveRoad, D.M.R. Southern Division,159
2021,64102,SundriveRoad, D.M.R. Southern Division,121
2021,64102,SundriveRoad, D.M.R. Southern Division,39
2021,63303,Swords, D.M.R. Northern Division,247
2021,63303,Swords, D.M.R. Northern Division,83
2021,63303,Swords, D.M.R. Northern Division,2
2021,63303,Swords, D.M.R. Northern Division,16
2021,63303,Swords, D.M.R. Northern Division,65
2021,63303,Swords, D.M.R. Northern Division,684
2021,63303,Swords, D.M.R. Northern Division,180
2021,63303,Swords, D.M.R. Northern Division,107
2021,63303,Swords, D.M.R. Northern Division,18
2021,63303,Swords, D.M.R. Northern Division,229
2021,63303,Swords, D.M.R. Northern Division,220
2021,63303,Swords, D.M.R. Northern Division,119
2021,64202,Tallaght, D.M.R. Southern Division,385
2021,64202,Tallaght, D.M.R. Southern Division,146
2021,64202,Tallaght, D.M.R. Southern Division,5
2021,64202,Tallaght, D.M.R. Southern Division,56
2021,64202,Tallaght, D.M.R. Southern Division,182
2021,64202,Tallaght, D.M.R. Southern Division,1359
2021,64202,Tallaght, D.M.R. Southern Division,254
2021,64202,Tallaght, D.M.R. Southern Division,390
2021,64202,Tallaght, D.M.R. Southern Division,49
2021,64202,Tallaght, D.M.R. Southern Division,633
2021,64202,Tallaght, D.M.R. Southern Division,430
2021,64202,Tallaght, D.M.R. Southern Division,382
2021,64302,Terenure, D.M.R. Southern Division,53
2021,64302,Terenure, D.M.R. Southern Division,37
2021,64302,Terenure, D.M.R. Southern Division,0
2021,64302,Terenure, D.M.R. Southern Division,16
2021,64302,Terenure, D.M.R. Southern Division,56
2021,64302,Terenure, D.M.R. Southern Division,267
2021,64302,Terenure, D.M.R. Southern Division,135
2021,64302,Terenure, D.M.R. Southern Division,76
2021,64302,Terenure, D.M.R. Southern Division,3
2021,64302,Terenure, D.M.R. Southern Division,78
2021,64302,Terenure, D.M.R. Southern Division,113
2021,64302,Terenure, D.M.R. Southern Division,7
